C;6210;138094;Eve;Johnson;French;1991-03-19;F;Lion;1991-01-20;3;2028-08-23;9628;5268;Signature1.bmp;Lady.bmp;Lady.bmp;mli2-96;Lady.bmp
A;4587;102839;John;Smith;English;1980-05-14;M;London;1980-04-10;2;2025-10-15;8314;4723;Signature1.bmp;Lady.bmp;Lady.bmp;mli2-80;Lady.bmp
B;8392;239184;Anna;Taylor;German;1995-07-22;F;Berlin;1995-06-18;4;2027-03-09;9428;5238;Signature1.bmp;Lady.bmp;Lady.bmp;mli2-94;Lady.bmp
C;7621;129032;Paul;Williams;Spanish;1988-11-03;M;Madrid;1988-10-28;5;2030-01-01;8219;4593;Signature1.bmp;Lady.bmp;Lady.bmp;mli2-82;Lady.bmp
D;5438;209321;Emily;Brown;Italian;1992-03-12;F;Rome;1992-02-14;1;2029-09-12;8739;5032;Signature1.bmp;Lady.bmp;Lady.bmp;mli2-87;Lady.bmp
E;9871;203984;Mark;Jones;Dutch;1985-02-25;M;Amsterdam;1985-01-19;3;2026-12-07;9113;5173;Signature1.bmp;Lady.bmp;Lady.bmp;mli2-91;Lady.bmp
F;6743;130984;Lucy;Garcia;Portuguese;1993-06-16;F;Lisbon;1993-05-20;2;2031-04-18;8027;4462;Signature1.bmp;Lady.bmp;Lady.bmp;mli2-80;Lady.bmp
G;3214;198274;James;Davis;Greek;1990-10-11;M;Athens;1990-09-15;4;2028-02-27;8562;4957;Signature1.bmp;Lady.bmp;Lady.bmp;mli2-85;Lady.bmp
H;5678;124983;Ella;Martinez;Russian;1994-12-01;F;Moscow;1994-11-05;1;2032-07-24;7893;4317;Signature1.bmp;Lady.bmp;Lady.bmp;mli2-78;Lady.bmp
I;4529;208392;Tom;Clark;Swedish;1983-04-19;M;Stockholm;1983-03-22;3;2029-05-11;8672;5013;Signature1.bmp;Lady.bmp;Lady.bmp;mli2-86;Lady.bmp
J;3192;120948;Sarah;Lopez;French;1991-07-09;F;Paris;1991-06-15;5;2028-11-30;9213;5362;Signature1.bmp;Lady.bmp;Lady.bmp;mli2-92;Lady.bmp
K;7248;204832;Chris;Anderson;Norwegian;1987-09-17;M;Oslo;1987-08-20;2;2030-03-14;8497;4912;Signature1.bmp;Lady.bmp;Lady.bmp;mli2-84;Lady.bmp
L;8934;134928;Sophia;Rodriguez;Finnish;1996-01-25;F;Helsinki;1996-01-01;4;2031-06-05;7784;4216;Signature1.bmp;Lady.bmp;Lady.bmp;mli2-77;Lady.bmp
M;5298;193274;Alex;Lee;Danish;1989-02-14;M;Copenhagen;1989-01-30;1;2027-12-18;8629;4976;Signature1.bmp;Lady.bmp;Lady.bmp;mli2-86;Lady.bmp
N;6714;202394;Emma;Hernandez;Polish;1992-11-28;F;Warsaw;1992-10-31;3;2030-08-02;8321;4698;Signature1.bmp;Lady.bmp;Lady.bmp;mli2-83;Lady.bmp
O;3782;126384;Daniel;Walker;Irish;1984-08-07;M;Dublin;1984-07-12;5;2026-01-23;9147;5158;Signature1.bmp;Lady.bmp;Lady.bmp;mli2-91;Lady.bmp
P;4597;201843;Olivia;Hall;Swiss;1990-06-13;F;Zurich;1990-05-09;2;2029-09-29;8423;4874;Signature1.bmp;Lady.bmp;Lady.bmp;mli2-84;Lady.bmp
Q;6248;133982;Liam;Allen;Belgian;1987-12-03;M;Brussels;1987-11-20;4;2031-02-10;7713;4238;Signature1.bmp;Lady.bmp;Lady.bmp;mli2-77;Lady.bmp
R;8972;205948;Isabella;Young;Austrian;1993-03-18;F;Vienna;1993-02-24;1;2030-04-21;8627;4963;Signature1.bmp;Lady.bmp;Lady.bmp;mli2-86;Lady.bmp
S;5321;194738;Ethan;King;Czech;1986-10-22;M;Prague;1986-09-28;3;2028-07-06;8372;4748;Signature1.bmp;Lady.bmp;Lady.bmp;mli2-83;Lady.bmp
T;6924;203184;Mia;Wright;Hungarian;1991-01-17;F;Budapest;1991-01-01;5;2027-11-14;9218;5369;Signature1.bmp;Lady.bmp;Lady.bmp;mli2-92;Lady.bmp
U;3478;123948;Nathan;Scott;Turkish;1988-05-29;M;Istanbul;1988-05-03;2;2030-12-01;8509;4931;Signature1.bmp;Lady.bmp;Lady.bmp;mli2-85;Lady.bmp
V;5734;200274;Ella;Green;Croatian;1994-09-25;F;Zagreb;1994-09-02;1;2032-03-07;7821;4276;Signature1.bmp;Lady.bmp;Lady.bmp;mli2-78;Lady.bmp
W;4219;121982;Owen;Baker;Serbian;1983-02-06;M;Belgrade;1983-01-18;3;2029-06-10;8712;5038;Signature1.bmp;Lady.bmp;Lady.bmp;mli2-87;Lady.bmp
X;6137;135829;Chloe;Adams;Slovak;1995-11-19;F;Bratislava;1995-10-27;4;2031-07-22;7923;4379;Signature1.bmp;Lady.bmp;Lady.bmp;mli2-79;Lady.bmp
Y;7593;199843;Aaron;Murphy;Slovenian;1990-04-14;M;Ljubljana;1990-03-30;2;2028-08-18;8461;4842;Signature1.bmp;Lady.bmp;Lady.bmp;mli2-84;Lady.bmp
Z;3982;127483;Sofia;Hughes;Bulgarian;1989-12-25;F;Sofia;1989-12-01;5;2026-02-19;9149;5163;Signature1.bmp;Lady.bmp;Lady.bmp;mli2-91;Lady.bmp
AA;5387;206274;Ryan;Stewart;Romanian;1984-03-02;M;Bucharest;1984-02-18;1;2030-05-25;8328;4702;Signature1.bmp;Lady.bmp;Lady.bmp;mli2-83;Lady.bmp
AB;4763;195984;Emily;Moore;Ukrainian;1986-07-11;F;Kyiv;1986-06-27;3;2027-01-20;8573;4897;Signature1.bmp;Lady.bmp;Lady.bmp;mli2-85;Lady.bmp
AC;6192;201394;Liam;Thompson;Georgian;1991-10-08;M;Tbilisi;1991-09-23;2;2032-06-15;7938;4392;Signature1.bmp;Lady.bmp;Lady.bmp;mli2-79;Lady.bmp
AD;7958;123284;Sophia;White;Armenian;1992-01-03;F;Yerevan;1992-01-01;5;2026-05-30;8224;4569;Signature1.bmp;Lady.bmp;Lady.bmp;mli2-82;Lady.bmp
